title;link;price;city;added_date
Toyota Land Cruiser;https://kolesa.kz/a/show/114784325;16800000₸;Алматы;25 января
Toyota Camry;https://kolesa.kz/a/show/114780965;16700000₸;Атырау;25 января
Toyota Land Cruiser Prado;https://kolesa.kz/a/show/114649239;9450000₸;Алматы;25 января
Toyota Camry;https://kolesa.kz/a/show/114851073;8800000₸;Сарканд;25 января
Toyota Camry;https://kolesa.kz/a/show/114851451;4700000₸;Алматы;25 января
Toyota Avensis Verso;https://kolesa.kz/a/show/114646638;3500000₸;Атырау;25 января
Toyota Estima;https://kolesa.kz/a/show/114649378;3400000₸;Нур-Султан (Астана);25 января
Toyota Corolla;https://kolesa.kz/a/show/114605269;5200000₸;Талгар;25 января
Toyota Camry;https://kolesa.kz/a/show/114823752;6200000₸;Алматы;25 января
Toyota Corolla;https://kolesa.kz/a/show/114768609;4000000₸;Алматы;25 января
Toyota Land Cruiser;https://kolesa.kz/a/show/113772974;22900000₸;Алматы;25 января
Toyota Mark II;https://kolesa.kz/a/show/114625280;2300000₸;Усть-Каменогорск;25 января
Toyota Caldina;https://kolesa.kz/a/show/114201444;2200000₸;Шиели;25 января
Toyota RAV 4;https://kolesa.kz/a/show/114739958;6800000₸;Караганда;25 января
Toyota Highlander;https://kolesa.kz/a/show/107372383;14950000₸;Алматы;25 января
Toyota Land Cruiser;https://kolesa.kz/a/show/111797186;30300000₸;Алматы;25 января
Toyota Hilux Surf;https://kolesa.kz/a/show/114730866;2400000₸;Алматы;25 января
Toyota Camry;https://kolesa.kz/a/show/114373851;5500000₸;Караганда;25 января
Toyota Camry;https://kolesa.kz/a/show/114710958;4900000₸;Нур-Султан (Астана);25 января
Toyota Land Cruiser Prado;https://kolesa.kz/a/show/113167171;11600000₸;Шымкент;25 января
Toyota Camry;https://kolesa.kz/a/show/114646829;2285000₸;Караганда;25 января
Toyota Carina E;https://kolesa.kz/a/show/114604216;2000000₸;Тараз;25 января
Toyota Land Cruiser Prado;https://kolesa.kz/a/show/114441717;6200000₸;Атырау;25 января
Toyota Corolla;https://kolesa.kz/a/show/114439281;750000₸;Нур-Султан (Астана);25 января
Toyota RAV 4;https://kolesa.kz/a/show/114156460;12300000₸;Актобе;25 января
Toyota Alphard;https://kolesa.kz/a/show/114649581;5000000₸;Кызылорда;25 января
Toyota Land Cruiser Prado;https://kolesa.kz/a/show/114776903;18700000₸;Нур-Султан (Астана);25 января
Toyota Camry;https://kolesa.kz/a/show/114823046;5800000₸;Уральск;25 января
Toyota RAV 4;https://kolesa.kz/a/show/114577244;3000000₸;Алматы;25 января
Toyota Camry;https://kolesa.kz/a/show/114781769;4300000₸;Алматы;25 января
Toyota RAV 4;https://kolesa.kz/a/show/114693553;10750000₸;Караганда;25 января
Toyota Land Cruiser;https://kolesa.kz/a/show/114822426;19190000₸;Нур-Султан (Астана);25 января
Toyota Camry;https://kolesa.kz/a/show/114822253;15650000₸;Нур-Султан (Астана);25 января
Toyota Land Cruiser Prado;https://kolesa.kz/a/show/114822187;7200000₸;Алматы;25 января
Toyota Corolla;https://kolesa.kz/a/show/114667301;2200000₸;Актобе;25 января
Toyota RAV 4;https://kolesa.kz/a/show/114781381;8300000₸;Нур-Султан (Астана);25 января
Toyota Land Cruiser;https://kolesa.kz/a/show/114737829;16000000₸;Алматы;25 января
Toyota Camry;https://kolesa.kz/a/show/114530512;4300000₸;Жанаозен;25 января
Toyota Highlander;https://kolesa.kz/a/show/114604193;16100000₸;Караганда;25 января
Toyota Hilux;https://kolesa.kz/a/show/114441052;7500000₸;Талдыкорган;25 января
Toyota Land Cruiser;https://kolesa.kz/a/show/114737849;10000000₸;Алматы;25 января
Toyota Camry;https://kolesa.kz/a/show/114436067;8400000₸;Сатпаев;25 января
Toyota Camry;https://kolesa.kz/a/show/114933326;4550000₸;Алматы;25 января
Toyota Land Cruiser Prado;https://kolesa.kz/a/show/113620571;19800000₸;Алматы;25 января
Toyota Land Cruiser Prado;https://kolesa.kz/a/show/114602402;10500000₸;Владивосток;25 января
Toyota Land Cruiser Prado;https://kolesa.kz/a/show/113514720;15900000₸;Караганда;25 января
Toyota Land Cruiser Prado;https://kolesa.kz/a/show/114642500;10000000₸;Шымкент;25 января
Toyota Venza;https://kolesa.kz/a/show/114821671;9490000₸;Нур-Султан (Астана);25 января
Toyota Camry;https://kolesa.kz/a/show/114780792;16700000₸;Актау;25 января
Toyota RAV 4;https://kolesa.kz/a/show/114780392;19700000₸;Уральск;25 января
Toyota Camry;https://kolesa.kz/a/show/114692988;10800000₸;Нур-Султан (Астана);25 января
Toyota Estima Emina;https://kolesa.kz/a/show/114689623;1980000₸;Нур-Султан (Астана);25 января
Toyota Land Cruiser Prado;https://kolesa.kz/a/show/114780584;24040000₸;Актау;25 января
Toyota Camry;https://kolesa.kz/a/show/114779626;3590000₸;Алматы;25 января
Toyota Land Cruiser;https://kolesa.kz/a/show/114735962;8000000₸;Атырау;25 января
Toyota Carina E;https://kolesa.kz/a/show/114692070;1800000₸;Тараз;25 января
